{"cameraMode":{"drawMode":0,"name":"Shaded","section":"Shading Mode"},"sceneLighting":true,"audioPlay":false,"sceneViewState":{"showFog":true,"showMaterialUpdate":false,"showSkybox":true,"showFlares":true,"showImageEffects":true,"showParticleSystems":true,"showVisualEffectGraphs":true,"m_FxEnabled":true},"in2DMode":false,"pivot":{"x":-2.032963991165161,"y":87.36176300048828,"z":-0.11628437042236328},"rotation":{"x":0.0014999456470832229,"y":-0.008999809622764588,"z":0.000013492519428837113,"w":0.9999592304229736},"size":2.9402217864990236,"orthographic":false}