{"cameraMode":{"drawMode":0,"name":"Shaded","section":"Shading Mode"},"sceneLighting":true,"audioPlay":false,"sceneViewState":{"showFog":true,"showMaterialUpdate":false,"showSkybox":true,"showFlares":true,"showImageEffects":true,"showParticleSystems":true,"showVisualEffectGraphs":true,"m_FxEnabled":true},"in2DMode":false,"pivot":{"x":-3.923478841781616,"y":95.95592498779297,"z":19.636444091796876},"rotation":{"x":0.0014999456470832229,"y":-0.008999809622764588,"z":0.000013492519428837113,"w":0.9999592304229736},"size":55.45927429199219,"orthographic":false}